{
  "Reptiles" : {
    "transaction" : "Reptiles",
    "sampleCount" : 25,
    "errorCount" : 0,
    "errorPct" : 0.0,
    "meanResTime" : 4.5200000000000005,
    "medianResTime" : 4.0,
    "minResTime" : 2.0,
    "maxResTime" : 13.0,
    "pct1ResTime" : 7.800000000000004,
    "pct2ResTime" : 11.799999999999997,
    "pct3ResTime" : 13.0,
    "throughput" : 9.370314842578711,
    "receivedKBytesPerSec" : 33.96739130434782,
    "sentKBytesPerSec" : 2.397482899175412
  },
  "Main Catalog" : {
    "transaction" : "Main Catalog",
    "sampleCount" : 25,
    "errorCount" : 0,
    "errorPct" : 0.0,
    "meanResTime" : 4.880000000000001,
    "medianResTime" : 3.0,
    "minResTime" : 3.0,
    "maxResTime" : 40.0,
    "pct1ResTime" : 5.0,
    "pct2ResTime" : 29.499999999999975,
    "pct3ResTime" : 40.0,
    "throughput" : 8.79971840901091,
    "receivedKBytesPerSec" : 50.804624252023935,
    "sentKBytesPerSec" : 3.3772356784582893
  },
  "Login" : {
    "transaction" : "Login",
    "sampleCount" : 25,
    "errorCount" : 0,
    "errorPct" : 0.0,
    "meanResTime" : 9.280000000000001,
    "medianResTime" : 7.0,
    "minResTime" : 5.0,
    "maxResTime" : 25.0,
    "pct1ResTime" : 17.400000000000002,
    "pct2ResTime" : 22.899999999999995,
    "pct3ResTime" : 25.0,
    "throughput" : 9.081002542680713,
    "receivedKBytesPerSec" : 46.66429236287686,
    "sentKBytesPerSec" : 14.659079299854703
  },
  "Login-0" : {
    "transaction" : "Login-0",
    "sampleCount" : 25,
    "errorCount" : 0,
    "errorPct" : 0.0,
    "meanResTime" : 4.72,
    "medianResTime" : 3.0,
    "minResTime" : 2.0,
    "maxResTime" : 20.0,
    "pct1ResTime" : 10.00000000000001,
    "pct2ResTime" : 17.899999999999995,
    "pct3ResTime" : 20.0,
    "throughput" : 9.100837277029486,
    "receivedKBytesPerSec" : 1.7152945258463779,
    "sentKBytesPerSec" : 8.47870972879505
  },
  "Login-1" : {
    "transaction" : "Login-1",
    "sampleCount" : 25,
    "errorCount" : 0,
    "errorPct" : 0.0,
    "meanResTime" : 4.32,
    "medianResTime" : 3.0,
    "minResTime" : 2.0,
    "maxResTime" : 13.0,
    "pct1ResTime" : 8.600000000000009,
    "pct2ResTime" : 12.399999999999999,
    "pct3ResTime" : 13.0,
    "throughput" : 9.147457006952067,
    "receivedKBytesPerSec" : 45.2816987971094,
    "sentKBytesPerSec" : 6.244211374862788
  },
  "Home-0" : {
    "transaction" : "Home-0",
    "sampleCount" : 25,
    "errorCount" : 0,
    "errorPct" : 0.0,
    "meanResTime" : 2.24,
    "medianResTime" : 2.0,
    "minResTime" : 1.0,
    "maxResTime" : 13.0,
    "pct1ResTime" : 2.400000000000002,
    "pct2ResTime" : 9.999999999999993,
    "pct3ResTime" : 13.0,
    "throughput" : 8.617718028266115,
    "receivedKBytesPerSec" : 1.2286980782488799,
    "sentKBytesPerSec" : 1.0603832730093072
  },
  "Home-1" : {
    "transaction" : "Home-1",
    "sampleCount" : 25,
    "errorCount" : 0,
    "errorPct" : 0.0,
    "meanResTime" : 1.0000000000000002,
    "medianResTime" : 1.0,
    "minResTime" : 0.0,
    "maxResTime" : 4.0,
    "pct1ResTime" : 1.0,
    "pct2ResTime" : 3.099999999999998,
    "pct3ResTime" : 4.0,
    "throughput" : 8.650519031141869,
    "receivedKBytesPerSec" : 11.412940635813149,
    "sentKBytesPerSec" : 1.072867106401384
  },
  "Total" : {
    "transaction" : "Total",
    "sampleCount" : 300,
    "errorCount" : 0,
    "errorPct" : 0.0,
    "meanResTime" : 4.379999999999996,
    "medianResTime" : 3.0,
    "minResTime" : 0.0,
    "maxResTime" : 40.0,
    "pct1ResTime" : 7.0,
    "pct2ResTime" : 12.0,
    "pct3ResTime" : 19.980000000000018,
    "throughput" : 23.70229912301493,
    "receivedKBytesPerSec" : 72.55611704491585,
    "sentKBytesPerSec" : 13.98836859050328
  },
  "Sign In" : {
    "transaction" : "Sign In",
    "sampleCount" : 25,
    "errorCount" : 0,
    "errorPct" : 0.0,
    "meanResTime" : 4.16,
    "medianResTime" : 4.0,
    "minResTime" : 3.0,
    "maxResTime" : 7.0,
    "pct1ResTime" : 6.0,
    "pct2ResTime" : 6.699999999999999,
    "pct3ResTime" : 7.0,
    "throughput" : 8.928571428571429,
    "receivedKBytesPerSec" : 34.20863560267858,
    "sentKBytesPerSec" : 5.397251674107143
  },
  "Sign Out" : {
    "transaction" : "Sign Out",
    "sampleCount" : 25,
    "errorCount" : 0,
    "errorPct" : 0.0,
    "meanResTime" : 7.12,
    "medianResTime" : 6.0,
    "minResTime" : 4.0,
    "maxResTime" : 15.0,
    "pct1ResTime" : 11.400000000000002,
    "pct2ResTime" : 14.099999999999998,
    "pct3ResTime" : 15.0,
    "throughput" : 9.384384384384385,
    "receivedKBytesPerSec" : 48.3424097926051,
    "sentKBytesPerSec" : 9.925086219031531
  },
  "Sign Out-0" : {
    "transaction" : "Sign Out-0",
    "sampleCount" : 25,
    "errorCount" : 0,
    "errorPct" : 0.0,
    "meanResTime" : 3.16,
    "medianResTime" : 3.0,
    "minResTime" : 2.0,
    "maxResTime" : 7.0,
    "pct1ResTime" : 6.0,
    "pct2ResTime" : 6.699999999999999,
    "pct3ResTime" : 7.0,
    "throughput" : 9.402030838661151,
    "receivedKBytesPerSec" : 3.1493130641218507,
    "sentKBytesPerSec" : 5.0131922245204965
  },
  "Home" : {
    "transaction" : "Home",
    "sampleCount" : 25,
    "errorCount" : 0,
    "errorPct" : 0.0,
    "meanResTime" : 3.56,
    "medianResTime" : 3.0,
    "minResTime" : 2.0,
    "maxResTime" : 17.0,
    "pct1ResTime" : 4.0,
    "pct2ResTime" : 13.09999999999999,
    "pct3ResTime" : 17.0,
    "throughput" : 8.61178091629349,
    "receivedKBytesPerSec" : 12.589683624698587,
    "sentKBytesPerSec" : 2.127715402170169
  },
  "Sign Out-1" : {
    "transaction" : "Sign Out-1",
    "sampleCount" : 25,
    "errorCount" : 0,
    "errorPct" : 0.0,
    "meanResTime" : 3.6000000000000005,
    "medianResTime" : 3.0,
    "minResTime" : 2.0,
    "maxResTime" : 7.0,
    "pct1ResTime" : 6.0,
    "pct2ResTime" : 6.699999999999999,
    "pct3ResTime" : 7.0,
    "throughput" : 9.394964299135664,
    "receivedKBytesPerSec" : 45.24996476888388,
    "sentKBytesPerSec" : 4.926851395152198
  }
}