{
  "Reptiles" : {
    "transaction" : "Reptiles",
    "sampleCount" : 50,
    "errorCount" : 0,
    "errorPct" : 0.0,
    "meanResTime" : 2.979999999999999,
    "medianResTime" : 3.0,
    "minResTime" : 2.0,
    "maxResTime" : 4.0,
    "pct1ResTime" : 3.0,
    "pct2ResTime" : 4.0,
    "pct3ResTime" : 4.0,
    "throughput" : 1.1446100313623149,
    "receivedKBytesPerSec" : 4.149211363688392,
    "sentKBytesPerSec" : 0.2928592072430923
  },
  "Main Catalog" : {
    "transaction" : "Main Catalog",
    "sampleCount" : 139,
    "errorCount" : 0,
    "errorPct" : 0.0,
    "meanResTime" : 2.4892086330935252,
    "medianResTime" : 2.0,
    "minResTime" : 1.0,
    "maxResTime" : 7.0,
    "pct1ResTime" : 3.0,
    "pct2ResTime" : 4.0,
    "pct3ResTime" : 6.199999999999989,
    "throughput" : 2.2390824594468337,
    "receivedKBytesPerSec" : 10.990406377357882,
    "sentKBytesPerSec" : 1.0010084177016383
  },
  "Birds" : {
    "transaction" : "Birds",
    "sampleCount" : 25,
    "errorCount" : 0,
    "errorPct" : 0.0,
    "meanResTime" : 3.0,
    "medianResTime" : 3.0,
    "minResTime" : 2.0,
    "maxResTime" : 4.0,
    "pct1ResTime" : 4.0,
    "pct2ResTime" : 4.0,
    "pct3ResTime" : 4.0,
    "throughput" : 2.616157388028464,
    "receivedKBytesPerSec" : 9.478460849204689,
    "sentKBytesPerSec" : 0.6617038706048557
  },
  "Login" : {
    "transaction" : "Login",
    "sampleCount" : 126,
    "errorCount" : 0,
    "errorPct" : 0.0,
    "meanResTime" : 5.095238095238093,
    "medianResTime" : 5.0,
    "minResTime" : 4.0,
    "maxResTime" : 8.0,
    "pct1ResTime" : 6.0,
    "pct2ResTime" : 6.6499999999999915,
    "pct3ResTime" : 8.0,
    "throughput" : 2.2055734490967653,
    "receivedKBytesPerSec" : 11.333718251120292,
    "sentKBytesPerSec" : 3.5603641712470244
  },
  "Login-0" : {
    "transaction" : "Login-0",
    "sampleCount" : 126,
    "errorCount" : 0,
    "errorPct" : 0.0,
    "meanResTime" : 2.6349206349206353,
    "medianResTime" : 3.0,
    "minResTime" : 2.0,
    "maxResTime" : 5.0,
    "pct1ResTime" : 3.0,
    "pct2ResTime" : 3.6499999999999915,
    "pct3ResTime" : 4.730000000000004,
    "throughput" : 2.2056892778993435,
    "receivedKBytesPerSec" : 0.4157207330415755,
    "sentKBytesPerSec" : 2.054909737417943
  },
  "Login-1" : {
    "transaction" : "Login-1",
    "sampleCount" : 126,
    "errorCount" : 0,
    "errorPct" : 0.0,
    "meanResTime" : 2.285714285714286,
    "medianResTime" : 2.0,
    "minResTime" : 1.0,
    "maxResTime" : 3.0,
    "pct1ResTime" : 3.0,
    "pct2ResTime" : 3.0,
    "pct3ResTime" : 3.0,
    "throughput" : 2.205727890203767,
    "receivedKBytesPerSec" : 10.918783862737202,
    "sentKBytesPerSec" : 1.5056677688012043
  },
  "Home-0" : {
    "transaction" : "Home-0",
    "sampleCount" : 144,
    "errorCount" : 0,
    "errorPct" : 0.0,
    "meanResTime" : 1.4652777777777772,
    "medianResTime" : 1.0,
    "minResTime" : 0.0,
    "maxResTime" : 17.0,
    "pct1ResTime" : 2.0,
    "pct2ResTime" : 2.0,
    "pct3ResTime" : 14.750000000000057,
    "throughput" : 2.2547208217204773,
    "receivedKBytesPerSec" : 0.32147386715936493,
    "sentKBytesPerSec" : 0.42118520124166225
  },
  "Home-1" : {
    "transaction" : "Home-1",
    "sampleCount" : 144,
    "errorCount" : 0,
    "errorPct" : 0.0,
    "meanResTime" : 1.0625000000000002,
    "medianResTime" : 1.0,
    "minResTime" : 0.0,
    "maxResTime" : 6.0,
    "pct1ResTime" : 1.5,
    "pct2ResTime" : 2.0,
    "pct3ResTime" : 5.550000000000011,
    "throughput" : 2.255285826155051,
    "receivedKBytesPerSec" : 2.975479639780736,
    "sentKBytesPerSec" : 0.4234931724745497
  },
  "Total" : {
    "transaction" : "Total",
    "sampleCount" : 1575,
    "errorCount" : 0,
    "errorPct" : 0.0,
    "meanResTime" : 2.7644444444444405,
    "medianResTime" : 2.0,
    "minResTime" : 0.0,
    "maxResTime" : 23.0,
    "pct1ResTime" : 5.0,
    "pct2ResTime" : 5.0,
    "pct3ResTime" : 8.0,
    "throughput" : 24.660622856874443,
    "receivedKBytesPerSec" : 72.89949536243287,
    "sentKBytesPerSec" : 14.84394266111607
  },
  "Dogs" : {
    "transaction" : "Dogs",
    "sampleCount" : 50,
    "errorCount" : 0,
    "errorPct" : 0.0,
    "meanResTime" : 3.0400000000000005,
    "medianResTime" : 3.0,
    "minResTime" : 2.0,
    "maxResTime" : 6.0,
    "pct1ResTime" : 3.0,
    "pct2ResTime" : 4.0,
    "pct3ResTime" : 6.0,
    "throughput" : 1.140172850204091,
    "receivedKBytesPerSec" : 4.78338141062185,
    "sentKBytesPerSec" : 0.2872701126490776
  },
  "Sign In" : {
    "transaction" : "Sign In",
    "sampleCount" : 135,
    "errorCount" : 0,
    "errorPct" : 0.0,
    "meanResTime" : 3.2666666666666675,
    "medianResTime" : 3.0,
    "minResTime" : 2.0,
    "maxResTime" : 13.0,
    "pct1ResTime" : 4.0,
    "pct2ResTime" : 5.0,
    "pct3ResTime" : 11.199999999999932,
    "throughput" : 2.2332136771930986,
    "receivedKBytesPerSec" : 8.555402180071463,
    "sentKBytesPerSec" : 1.349960220881375
  },
  "Sign Out" : {
    "transaction" : "Sign Out",
    "sampleCount" : 122,
    "errorCount" : 0,
    "errorPct" : 0.0,
    "meanResTime" : 4.967213114754097,
    "medianResTime" : 5.0,
    "minResTime" : 4.0,
    "maxResTime" : 23.0,
    "pct1ResTime" : 6.0,
    "pct2ResTime" : 6.849999999999994,
    "pct3ResTime" : 20.69999999999996,
    "throughput" : 2.2624853958422193,
    "receivedKBytesPerSec" : 11.672641138753407,
    "sentKBytesPerSec" : 2.3914127262485394
  },
  "Sign Out-0" : {
    "transaction" : "Sign Out-0",
    "sampleCount" : 122,
    "errorCount" : 0,
    "errorPct" : 0.0,
    "meanResTime" : 2.336065573770491,
    "medianResTime" : 2.0,
    "minResTime" : 1.0,
    "maxResTime" : 21.0,
    "pct1ResTime" : 3.0,
    "pct2ResTime" : 3.0,
    "pct3ResTime" : 18.00999999999995,
    "throughput" : 2.262569314367315,
    "receivedKBytesPerSec" : 0.7578723386992081,
    "sentKBytesPerSec" : 1.2064090289497598
  },
  "Home" : {
    "transaction" : "Home",
    "sampleCount" : 144,
    "errorCount" : 0,
    "errorPct" : 0.0,
    "meanResTime" : 2.694444444444444,
    "medianResTime" : 2.0,
    "minResTime" : 1.0,
    "maxResTime" : 22.0,
    "pct1ResTime" : 3.0,
    "pct2ResTime" : 5.5,
    "pct3ResTime" : 17.950000000000102,
    "throughput" : 2.254685518342806,
    "receivedKBytesPerSec" : 3.29615646578045,
    "sentKBytesPerSec" : 0.8445590543629731
  },
  "Sign Out-1" : {
    "transaction" : "Sign Out-1",
    "sampleCount" : 122,
    "errorCount" : 0,
    "errorPct" : 0.0,
    "meanResTime" : 2.3442622950819665,
    "medianResTime" : 2.0,
    "minResTime" : 2.0,
    "maxResTime" : 5.0,
    "pct1ResTime" : 3.0,
    "pct2ResTime" : 3.0,
    "pct3ResTime" : 4.769999999999996,
    "throughput" : 2.2626532391179364,
    "receivedKBytesPerSec" : 10.915606627533894,
    "sentKBytesPerSec" : 1.1851363561546024
  }
}